ml_score,tilt,distance,label
0.45802686,0.765207721,0,MED
0.9890234,0.758218254,0,HIGH
0.98668766,0.776683381,0,HIGH
0.7926239,0.390435301,0,MED
0.975697,0.684374598,0,HIGH
0.61193246,0.46083956,0,MED
0.00190491,0.10867306,0,LOW
0.00190491,0.10867306,0,LOW
0.99915755,1.679240668,0,HIGH
0.001734082,1.724719333,0,LOW
0.087223165,2.571447016,0,LOW
0.9990357,0.727020311,0,HIGH
0.9999881,0.747004165,0,HIGH
0.25365028,177.75777,0,LOW
0.9725591,0.415950894,0,HIGH
0.9725591,0.415950894,0,HIGH
0.9725591,0.415950894,0.105415575,HIGH
0.9725591,0.415950894,0.107510701,HIGH
0.9725591,0.415950894,0.100363689,HIGH
0.9725591,0.415950894,0.094162159,HIGH
0.002835151,0.087085284,0.072049978,LOW
0.99999225,0.271671645,0.058376044,HIGH
0.9998834,0.754748275,0.046434917,HIGH
0.9990755,0.25220857,0.028125485,HIGH
0.9822574,0.093442386,0.017851872,HIGH
0.9245518,0.154161392,0.011377161,HIGH
0.99784386,0.000387622,0,HIGH
0.89708686,0.422690939,0,HIGH
6.30E-05,0.07372439,0,LOW
0.00048471,0.142947166,0,LOW
2.02E-05,0.447647871,0,LOW
8.98E-05,0.246539203,0,LOW
2.92E-05,0.011670924,0,LOW
7.78E-05,0.29362476,0,LOW
2.26E-06,0.774366615,0,LOW
6.67E-05,0.91756547,0,LOW
1.41E-05,0.555701265,0,LOW
3.16E-05,0.98616101,0,LOW
0.000153643,0.488450163,0,LOW
9.90E-05,0.567042653,0,LOW
9.91E-05,0.953331172,0,LOW
0.004178895,1.713065558,0,LOW
0.000206245,2.647121725,0,LOW
0.000324344,3.810808475,0,LOW
0.000827462,4.339499431,0,LOW
0.005071967,4.768564176,0,LOW
0.5381879,6.127583928,0,MED
0.020009361,6.132941705,0,LOW
2.91E-06,6.337470405,0,LOW
0.000720124,6.308855437,0,LOW
6.21E-06,6.160816047,0,LOW
7.82E-05,5.892751869,0,LOW
3.35E-05,5.46116827,0,LOW
0.004204078,5.633028448,0,LOW
5.18E-06,5.671722638,0,LOW
2.42E-07,5.667116286,0,LOW
2.99E-07,5.934921498,0,LOW
2.76E-05,6.078758233,0,LOW
2.76E-05,5.808752974,0,LOW
2.76E-05,6.087948497,0,LOW
2.76E-05,6.446794438,0,LOW
2.76E-05,6.191646088,0,LOW
2.76E-05,6.209374212,0,LOW
2.76E-05,7.010280124,0,LOW
0.08514576,7.145358381,0,LOW
0.08514576,6.778417732,0.000115982,LOW
0.08514576,7.727607921,0.002467038,LOW
0.08514576,8.001265341,0.004180756,LOW
0.08514576,7.183690443,0.004037628,LOW
0.08514576,7.245218558,0.002618782,LOW
0.08514576,7.059055897,0.001068614,LOW
0.08514576,7.054144136,0.000696204,LOW
0.08514576,6.808081593,0,LOW
0.08514576,6.617284277,0,LOW
0.08514576,6.668851294,0,LOW
0.08514576,6.804030244,0,LOW
0.08514576,6.694088935,0,LOW
0.08514576,6.789344107,0,LOW
0.08514576,6.825350544,0,LOW
0.08514576,6.891403376,0,LOW
0.08514576,7.189825718,0.001828946,LOW
0.08514576,7.043501529,0.001619407,LOW
0.08514576,6.898508288,0.002120423,LOW
0.08514576,6.884514699,0.003787405,LOW
0.08514576,6.352958163,0.004741501,LOW
0.08514576,6.399625614,0.004415044,LOW
0.15569507,6.428221744,0.003844608,LOW
0.000171992,4.978009475,0,LOW
0.16919838,5.677660246,0,LOW
0.005416856,5.084292886,0,LOW
4.79E-05,4.144855019,0,LOW
7.18E-05,4.407484398,0,LOW
0.000359135,3.400618965,0,LOW
0.9602466,1.794482374,0,HIGH
0.0655187,0.358126191,0,LOW
0.999996,177.9386744,0.009422601,HIGH
0.17088258,0.634811519,0.010211145,LOW
0.10796931,2.477494992,0,LOW
0.8437057,175.8350528,0,HIGH
0.9961668,2.25280051,0,HIGH
0.7594838,0.355444363,0,MED
0.95994747,0.28182189,0,HIGH
0.006933973,0.252624047,0,LOW
0.9010448,1.061585946,0,HIGH
0.99784553,0.990578608,0,HIGH
0.999212,1.828124205,0,HIGH
0.63774997,0.255522791,0,MED
0.9164287,1.477643823,0.014450416,HIGH
0.09041621,1.275992519,0.033921807,LOW
0.8635525,1.654054959,0.01342389,HIGH
0.68855166,1.143460925,0.009304181,MED
0.84012246,1.166211234,0,HIGH
0.02137773,1.461991932,0,LOW
0.13488874,1.724833766,0,LOW
0.63426906,2.759861088,0.007256365,MED
0.002347448,0.869320162,0.071768601,LOW
3.13E-05,0.689981688,0.087312842,LOW
0.48086876,1.04742801,0.098723936,MED
0.0009269,0.869183637,0.096888926,LOW
0.07416572,0.59362646,0.08272711,LOW
0.9998172,0.304447442,0,HIGH
0.015919117,0.232459952,0,LOW
0.000128136,0.790687151,0,LOW
0.006104988,2.169321839,0,LOW
0.002469497,2.808484296,0,LOW
0.000316919,2.704195208,0,LOW
0.007352352,2.904788707,0,LOW
0.09210598,3.857878647,0,LOW
0.71223855,6.611258014,0,MED
0.28473595,7.369245959,0,LOW
0.12256835,8.191238934,0,LOW
0.0517016,9.370743364,0,LOW
3.86E-05,9.703159106,0,LOW
0.04876164,10.15869937,0,LOW
0.04876164,10.09251685,0,LOW
0.04876164,9.384190264,0,LOW
0.04876164,8.836558079,0,LOW
0.04876164,9.105807608,0,LOW
0.04876164,9.252572206,0,LOW
0.04876164,9.308495124,0,LOW
0.04876164,8.813448193,0,LOW
0.04876164,9.071352418,0,LOW
0.04876164,8.501476211,0,LOW
0.04876164,8.903358983,0,LOW
0.04876164,8.363066331,0,LOW
0.04876164,8.242851679,0,LOW
0.04876164,8.536982991,0,LOW
0.04876164,7.492363974,0,LOW
0.04876164,7.118219656,0,LOW
0.04876164,7.416566131,0,LOW
0.04876164,7.614842373,0,LOW
0.04876164,7.410358142,0,LOW
0.04876164,7.521180121,0,LOW
0.04876164,7.071711914,0,LOW
0.04876164,6.720893149,0,LOW
0.04876164,6.661052194,0,LOW
0.04876164,6.753978861,0,LOW
0.04876164,6.229430597,0,LOW
0.04876164,6.086431058,0,LOW
0.04876164,6.144561545,0,LOW
0.04876164,6.117251927,0,LOW
0.6716485,5.638126279,0,MED
0.2657217,5.398850323,0,LOW
0.2657217,5.110818254,0,LOW
0.2657217,5.192747828,0,LOW
0.2657217,4.716269336,0,LOW
0.00026485,3.649282013,0,LOW
0.24963985,2.670098114,0,LOW
0.6887674,1.140562055,0,MED
0.6055987,0.291923843,0,MED
0.004622336,0.387845695,0,LOW
0.004704517,0.087773994,0,LOW
0.054437373,1.501648606,0,LOW
0.057807,1.943534651,0,LOW
0.74034965,1.357536176,0,MED
0.03294544,1.580120341,0,LOW
0.1532783,2.498593461,0,LOW
0.002025788,2.091803735,0,LOW
7.59E-07,2.919047079,0,LOW
0.038638227,2.801023435,0,LOW
9.12E-08,3.920784879,0,LOW
5.52E-08,4.065773182,0,LOW
6.71E-09,4.072693695,0,LOW
1.44E-08,1.326954881,0,LOW
9.40E-08,0.98937064,0,LOW
7.79E-09,2.832376277,0,LOW
5.46E-08,1.106166948,0,LOW
9.96E-08,1.430123034,0,LOW
1.24E-06,1.261771758,0,LOW
4.05E-11,2.099512196,0,LOW
5.70E-05,3.511224166,0,LOW
0.011487973,5.829251539,0,LOW
0.00247661,8.410175974,0,LOW
0.006396546,11.02878193,0,LOW
0.000734599,13.13858461,0,LOW
0.001676368,15.87637314,0,LOW
0.947628,18.51172212,0,HIGH
0.9538345,19.6531327,0,HIGH
0.9972237,20.58005607,0,HIGH
0.73559916,21.85792698,0,MED
0.9612147,22.81221839,0,HIGH
0.6222416,23.62829813,0,MED
0.92756695,25.81401246,0,HIGH
0.9624705,25.62865917,0,HIGH
0.97434926,26.92898731,0,HIGH
0.9839722,27.42651592,0,HIGH
0.93335193,27.74345359,0,HIGH
0.99469244,27.92985662,0,HIGH
0.74240357,27.89659605,0,MED
0.9898412,26.89217939,0,HIGH
0.9999886,25.46803768,0,HIGH
0.9940669,21.30419172,0,HIGH
0.62235785,15.70876771,0,MED
0.3056863,9.926581733,0,LOW
0.047279485,4.079031005,0,LOW
0.00180711,2.117614413,0,LOW
0.068658106,1.117787584,0,LOW
0.56906235,0.763399414,0,MED
0.00011261,0.420543411,0,LOW
2.29E-05,0.557375019,0,LOW
1.12E-05,0.304804269,0,LOW
5.76E-06,0.683558801,0,LOW
0.000808523,1.217969678,0,LOW
9.94E-07,0.994142125,0,LOW
6.83E-06,1.426074914,0,LOW
4.21E-05,1.645963965,0,LOW
4.93E-06,1.560559948,0,LOW
0.000271917,1.599747702,0,LOW
3.45E-05,1.100749056,0,LOW
4.09E-06,1.174950055,0,LOW
2.54E-06,2.773388147,0,LOW
7.65E-09,5.746452483,0,LOW
2.29E-08,5.892304048,0,LOW
5.76E-10,5.756386628,0,LOW
1.07E-08,5.795257473,0,LOW
4.94E-10,5.545458583,0,LOW
3.35E-08,5.721099289,0,LOW
4.26E-06,5.599735251,0,LOW
5.43E-08,5.877201611,0,LOW
4.80E-06,7.86489602,0,LOW
5.52E-05,9.090506883,0,LOW
1.03E-07,11.18093937,0,LOW
5.22E-06,14.7521602,0,LOW
9.39E-06,18.24672889,0,LOW
0.005175136,17.11400271,0,LOW
0.000445997,20.55435765,0,LOW
0.00010852,21.37261898,0,LOW
1.07E-06,20.77001773,0,LOW
0.000744639,20.3218792,0,LOW
0.001164747,17.53074628,0,LOW
0.000481039,16.04751149,0,LOW
0.002559356,14.69458151,0,LOW
0.17562515,12.51731111,0,LOW
0.09337074,10.18441133,0,LOW
0.5677787,8.672397063,0,MED
0.14406618,7.961762166,0,LOW
0.018885856,7.112216939,0,LOW
0.001217012,173.0455137,0,LOW
0.000108833,173.1158254,0,LOW
2.65E-05,173.1867289,0,LOW
0.002634013,174.4339697,0,LOW
0.000384283,176.0819373,0,LOW
2.68E-05,175.7906419,0,LOW
0.0672158,176.6851933,0,LOW
0.002872472,177.6042194,0,LOW
6.43E-05,176.0510615,0,LOW
0.04592448,176.9959704,0,LOW
9.26E-05,177.5277689,0,LOW
1.80E-05,178.6429012,0,LOW
5.76E-06,1.39562582,0,LOW
2.77E-06,1.460438841,0,LOW
0.0634869,0.241117542,0,LOW
0.001516924,2.519373022,0,LOW
0.9965885,3.991228158,0,HIGH
0.9934768,5.462118968,0,HIGH
0.018235529,6.978934274,0,LOW
0.041402817,7.189721846,0,LOW
0.11660501,7.681196054,0,LOW
0.015114422,8.117436565,0,LOW
0.006419219,7.299203114,0,LOW
0.003996269,6.749692515,0,LOW
0.003897334,6.980503393,0,LOW
2.08E-06,7.025222074,0,LOW
3.45E-05,7.130158945,0,LOW
0.000643594,7.090193869,0,LOW
0.000287922,6.451582062,0,LOW
4.76E-07,6.695570923,0,LOW
3.12E-05,7.061367388,0,LOW
5.19E-05,7.674235175,0,LOW
0.12575467,8.589120525,0,LOW
0.001654523,9.236440693,0,LOW
0.18752447,9.337095859,0,LOW
0.018213257,10.15372262,0,LOW
0.007804885,11.01270478,0,LOW
0.95959723,10.99913677,0,HIGH
0.9971747,11.32763327,0,HIGH
0.9787584,11.8611008,0,HIGH
0.23526493,11.80410444,0,LOW
0.001774168,11.78077296,0,LOW
0.003124186,12.11235356,0,LOW
0.00079554,168.3024271,0,LOW
0.008110219,168.1357393,0,LOW
0.009734574,168.2155031,0,LOW
0.003883796,168.2657372,0,LOW
0.35811478,11.99370914,0,LOW
0.000939072,11.80022353,0,LOW
0.000526516,168.7793328,0,LOW
0.006476796,168.6339427,0,LOW
1.17E-05,168.2278522,0,LOW
2.91E-05,168.0725814,0,LOW
0.000255743,168.6584698,0,LOW
0.001949523,168.5636467,0,LOW
0.001421773,169.3190259,0,LOW
0.02077938,10.40936542,0,LOW
1.15E-05,9.41266897,0,LOW
0.75034887,9.700638919,0,MED
0.9964383,10.51203568,0,HIGH
0.9987071,11.75037656,0,HIGH
0.99686515,11.92362936,0,HIGH
0.992269,11.54380758,0,HIGH
0.22734818,11.35662838,0,LOW
0.000435406,11.19394397,0,LOW
0.000162384,10.91322821,0,LOW
0.000567203,10.89634953,0,LOW
0.001022775,11.78259776,0,LOW
0.001006529,11.41015226,0,LOW
8.88E-06,11.99152167,0,LOW
2.11E-06,11.8027718,0,LOW
1.45E-06,12.03648317,0,LOW
5.71E-08,11.8992521,0,LOW
6.28E-07,11.93576935,0,LOW
5.30E-06,12.13379337,0,LOW
1.61E-06,12.04492411,0,LOW
1.67E-06,11.78472982,0,LOW
2.43E-05,11.21130314,0,LOW
5.52E-05,8.736860051,0,LOW
0.11404302,0.872138985,0,LOW
0.030695349,5.566949767,0,LOW
0.000220476,13.2110152,0,LOW
0.001214213,19.61858918,0,LOW
0.000190735,22.15864495,0,LOW
0.000919967,23.40489009,0,LOW
0.00046917,23.86267774,0,LOW
0.124443084,25.62248994,0,LOW
0.07501892,26.31322352,0,LOW
0.000301174,25.54316009,0,LOW
0.000422394,25.51613956,0,LOW
3.85E-06,24.3767244,0,LOW
3.16E-05,23.9410703,0,LOW
1.29E-05,23.8460277,0,LOW
0.002241922,23.05280345,0,LOW
0.000308133,23.43708595,0,LOW
0.003662858,23.62692951,0,LOW
9.08E-06,23.74544943,0,LOW
4.30E-05,23.50408379,0,LOW
0.000679193,23.50910929,0,LOW
0.000905631,24.07320079,0,LOW
0.000196893,24.78743631,0,LOW
0.000176328,24.8327427,0,LOW
9.58E-05,25.79891237,0,LOW
0.006903452,27.61808881,0,LOW
0.000817475,27.93534736,0,LOW
4.14E-05,28.15119709,0,LOW
8.02E-05,28.55507128,0,LOW
6.64E-05,28.27780641,0,LOW
9.77E-05,28.15076699,0,LOW
4.58E-06,28.36497774,0,LOW
0.03208167,27.46130922,0,LOW
0.9791688,24.84404628,0,HIGH
0.2482207,20.85766909,0,LOW
0.8395343,17.76684671,0,HIGH
0.007983273,10.39342093,0,LOW
0.060620945,6.361602041,0,LOW
0.022103889,3.230007001,0,LOW
4.43E-05,0.428139813,0,LOW
0.000172872,1.586858415,0,LOW
8.25E-05,3.760370511,0,LOW
0.019116554,5.151729802,0,LOW
0.49774453,7.743603019,0,MED
0.92666644,8.817660961,0,HIGH
0.017946163,10.79698875,0,LOW
0.006932398,11.20959428,0,LOW
0.056067303,10.16084305,0,LOW
0.28577086,9.94502321,0,LOW
0.09621319,10.36737493,0,LOW
0.036684256,9.139857458,0,LOW
0.08863038,8.678440377,0,LOW
0.4929117,9.104737364,0,MED
0.04293421,8.90348861,0,LOW
0.05819137,8.400954508,0,LOW
0.46876037,8.098535403,0,MED
2.89E-06,7.574453088,0,LOW
0.34096894,7.412149133,0,LOW
0.001593673,6.997264707,0,LOW
9.52E-05,6.864211591,0,LOW
0.15185978,7.019854799,0,LOW
0.2529754,6.660209827,0,LOW
0.001284388,6.334830449,0,LOW
0.000875361,6.418818597,0,LOW
2.96E-05,6.477754269,0,LOW
0.000146363,6.264628109,0,LOW
0.000204377,6.313547893,0,LOW
0.000606866,6.548345031,0,LOW
0.052213933,6.040301054,0,LOW
8.38E-05,4.729437941,0,LOW
3.36E-06,4.654118338,0,LOW
0.005321746,4.310582803,0,LOW
0.008767762,3.827189141,0,LOW
0.000663315,1.92332039,0,LOW
0.037549317,0.754828971,0,LOW
0.006119501,0.177518666,0,LOW
4.06E-06,1.802949277,0,LOW
5.81E-05,2.844247102,0,LOW
9.75E-05,3.407243866,0,LOW
0.002480857,4.032535808,0,LOW
0.004932927,4.140493789,0,LOW
0.3938265,3.787196483,0,LOW
0.0010431,3.328199679,0,LOW
0.15256222,3.900747664,0,LOW
0.000350851,3.421377865,0,LOW
0.9216908,2.761677187,0,HIGH
0.99217784,2.93190848,0,HIGH
0.2923823,2.825128687,0,LOW
0.74417615,2.483478745,0,MED
0.012582637,2.028203368,0,LOW
0.000408525,1.054129767,0,LOW
0.001629733,0.978804224,0,LOW
0.000323995,0.285313943,0,LOW
6.87E-05,0.374685399,0,LOW
1.23E-05,0.040271222,0,LOW
4.92E-05,0.335735184,0,LOW
0.000112335,0.62884937,0,LOW
0.00496763,0.026884481,0,LOW
0.000111055,0.424280723,0,LOW
0.0012152,0.178336336,0,LOW
0.000544952,0.114040417,0,LOW
0.000675711,0.309605461,0,LOW
3.27E-05,0.474491874,0,LOW
0.000175285,0.518489633,0,LOW
0.1516919,0.438463554,0,LOW
2.91E-05,0.556209594,0,LOW
0.003698682,0.866586863,0,LOW
0.01822433,1.180515231,0,LOW
0.022128185,0.97835755,0,LOW
0.009375622,1.11781552,0,LOW
5.39E-05,0.855257712,0,LOW
0.000169628,0.962579414,0,LOW
0.005564518,0.676459375,0,LOW
0.003244774,0.785505127,0,LOW
0.00189061,0.77299565,0,LOW
0.00147299,1.058010526,0,LOW
0.04166604,1.080838854,0,LOW
0.005417514,1.227834904,0,LOW
0.002916345,1.019365887,0,LOW
0.000154881,1.189942418,0,LOW
0.014188737,1.280032129,0,LOW
0.033586614,1.336117679,0,LOW
0.015137496,1.347091418,0,LOW
0.005657229,1.124665711,0,LOW
0.062282313,0.662957772,0,LOW
0.005980551,0.8896938,0,LOW
0.00631639,1.108931721,0,LOW
0.001967152,1.050894634,0,LOW
0.011460417,1.252438923,0,LOW
0.010668907,1.043690253,0,LOW
0.000369582,1.445500943,0,LOW
0.005237493,1.334016688,0,LOW
0.00205334,1.22829015,0,LOW
0.046652246,1.438021596,0,LOW
0.006744308,1.113998835,0,LOW
0.001601233,0.991399819,0,LOW
0.042278793,1.014237626,0,LOW
0.033957213,1.070619305,0,LOW
0.010028079,1.139297216,0,LOW
0.00905781,0.780827597,0,LOW
0.000854379,0.989358912,0,LOW
0.001044137,1.131346532,0,LOW
0.00014428,0.931095599,0,LOW
5.58E-05,1.261769356,0,LOW
3.90E-05,1.113287264,0,LOW
7.73E-05,1.231138736,0,LOW
0.001402952,2.15229589,0,LOW
0.00809045,2.368567532,0,LOW
0.009340628,2.437928095,0,LOW
0.058809064,2.257480962,0,LOW
4.31E-05,2.986834732,0,LOW
0.02511801,2.26574514,0,LOW
0.000729537,2.219496153,0,LOW
0.004754376,2.153689265,0,LOW
0.000888239,2.197295826,0,LOW
0.001423537,2.837995235,0,LOW
8.95E-08,3.286639031,0,LOW
0.001072411,3.531623399,0,LOW
0.000268249,2.378982449,0,LOW
0.001836545,0.810024605,0,LOW
1.02E-06,0.273310507,0,LOW
2.29E-06,0.056027647,0,LOW
0.000429467,0.187878025,0,LOW
0.000846678,0.214105071,0,LOW
0.000544965,0.625293545,0,LOW
0.000520697,0.210682053,0,LOW
0.051457163,0.470149426,0,LOW
0.0017858,0.326290186,0,LOW
0.003416413,0.503525577,0,LOW
0.000408161,0.255214896,0,LOW
0.001186122,0.418011257,0,LOW
0.00021587,0.785380004,0,LOW
0.000414274,0.634172373,0,LOW
0.000512438,0.814581034,0,LOW
1.96E-05,0.792595415,0,LOW
9.93E-05,0.778909847,0,LOW
0.002340817,1.377271449,0,LOW
0.000261185,1.211127762,0,LOW
3.40E-05,0.992233718,0,LOW
0.000217288,1.043707181,0,LOW
3.74E-05,1.112322248,0,LOW
0.000174881,0.990888038,0,LOW
0.001702735,1.048268764,0,LOW
0.006819296,0.921502609,0,LOW
0.003763275,0.77971717,0,LOW
0.04505384,0.981388996,0,LOW
0.02032882,0.896707418,0,LOW
0.000262887,1.073063304,0,LOW
0.019121515,0.823545914,0,LOW
0.000928819,0.776880286,0,LOW
0.015553259,0.847273933,0,LOW
0.003045432,1.372130561,0,LOW
0.000143702,2.527738756,0,LOW
6.48E-05,4.233868982,0,LOW
0.000236134,6.708219231,0,LOW
0.920526,11.62347241,0,HIGH
0.029434668,14.29306429,0,LOW
0.007308256,17.62046476,0,LOW
0.45182538,19.83232935,0,MED
0.9813274,23.97909905,0,HIGH
0.8364158,25.23347889,0,HIGH
0.9847661,26.32716245,0,HIGH
0.003669047,29.13289302,0,LOW
0.032692455,30.25509019,0,LOW
0.002948148,32.72434856,0,LOW
0.04379729,33.89025984,0,LOW
0.001735218,32.66644033,0,LOW
0.000729663,34.29981314,0,LOW
0.000458718,31.67442582,0,LOW
0.008241728,33.4172332,0,LOW
0.004684154,29.81964012,0,LOW
0.9384552,26.31875327,0,HIGH
0.99443465,26.3787285,0,HIGH
0.6825681,21.14532381,0,MED
0.96314466,18.9582844,0,HIGH
0.000494821,16.32931647,0,LOW
0.002199908,12.93682677,0,LOW
0.21142814,10.67441837,0,LOW
0.006303107,6.702010337,0,LOW
0.003567569,4.933106717,0,LOW
0.004363944,4.033632678,0,LOW
0.006800143,3.270798591,0,LOW
0.012320325,3.424288394,0,LOW
1.07E-05,4.592304349,0,LOW
0.00060794,5.29769654,0,LOW
2.69E-06,5.716431263,0,LOW
1.10E-05,5.862623565,0,LOW
2.59E-08,5.762641733,0,LOW
2.74E-07,5.891423422,0,LOW
1.11E-07,5.870892031,0,LOW
1.00E-08,6.223898273,0,LOW
6.85E-08,4.679557166,0,LOW
2.96E-11,4.596587374,0,LOW
1.22E-11,4.399640687,0,LOW
2.05E-10,4.636628738,0,LOW
1.23E-08,4.863143674,0,LOW
2.22E-11,4.267781288,0,LOW
3.18E-13,4.926536464,0,LOW
1.02E-11,2.178600014,0,LOW
3.83E-13,9.65920206,0,LOW
2.30E-11,11.18175403,0,LOW
3.36E-10,13.25857541,0,LOW
1.94E-07,15.32521419,0,LOW
3.64E-09,151.8682166,0,LOW
2.37E-07,154.9540708,0,LOW
8.81E-08,22.94545424,0,LOW
5.46E-09,24.61777698,0,LOW
8.62E-08,24.97483307,0,LOW
7.77E-07,152.0666793,0,LOW
7.69E-06,21.25064134,0,LOW
2.01E-06,18.88068213,0,LOW
0.9908333,17.60582802,0,HIGH
0.96615094,15.21899198,0,HIGH
0.003697034,11.32736804,0,LOW
0.0958231,8.311675586,0,LOW
2.57E-05,6.469584884,0,LOW
0.01029761,3.719536234,0,LOW
0.03251429,2.636499842,0,LOW
0.022312196,1.790717526,0,LOW
0.026667897,0.646879738,0,LOW
0.009879021,0.17271377,0,LOW
0.011895873,0.163084664,0,LOW
0.066182174,0.188288653,0,LOW
0.011563474,0.005094628,0,LOW
0.007829797,0.502202101,0,LOW
0.000219104,0.307683917,0,LOW
0.002659017,0.493365594,0,LOW
0.003886452,0.691455905,0,LOW
0.007484909,0.162226015,0,LOW
0.003130998,0.372892279,0,LOW
0.026443293,0.136843496,0,LOW
0.08867575,0.136843496,0,LOW
0.0092199,0.255063805,0,LOW
0.1644355,0.340972594,0,LOW
0.20206289,0.474316163,0,LOW
0.06553475,0.294615273,0,LOW
0.000166625,0.779935397,0,LOW
0.004275652,1.000091722,0,LOW
0.002183663,4.95592953,0,LOW
0.034971923,9.095409954,0,LOW
0.001668803,13.70234549,0,LOW
0.000395008,18.25686608,0,LOW
0.77833956,23.16939005,0,MED
0.92941976,25.17746319,0,HIGH
0.6863328,26.99969427,0,MED
0.18829128,29.01641519,0,LOW
0.72616965,29.48897168,0,MED
0.72894275,29.53630657,0,MED
0.09627648,29.29741559,0,LOW
0.17750335,28.81124637,0,LOW
0.040545035,28.63129392,0,LOW
0.6069914,26.48913501,0,MED
0.9872222,20.60901521,0,HIGH
0.43725836,16.80893759,0,MED
3.75E-05,12.55185279,0,LOW
0.000858426,8.354923984,0,LOW
0.003977974,5.898595085,0,LOW
0.000328674,4.892737602,0,LOW
4.52E-07,2.897994521,0,LOW
1.59E-05,2.361042931,0,LOW
6.79E-05,2.201111025,0,LOW
0.001408287,2.028260875,0,LOW
0.001538712,0.637599608,0,LOW
5.67E-06,0.344692532,0,LOW
2.31E-08,2.362507087,0,LOW
1.72E-05,1.28368625,0,LOW
5.72E-11,0.180787433,0,LOW
1.94E-10,0.100257573,0,LOW
1.65E-11,176.2401516,0,LOW
1.29E-10,179.1797921,0,LOW
1.87E-09,0.289816401,0,LOW
9.28E-06,178.0131289,0,LOW
1.13E-12,2.344345272,0,LOW
1.22E-11,3.15183686,0,LOW
6.00E-08,3.25166175,0,LOW
2.33E-12,3.639533194,0,LOW
3.40E-13,4.111838204,0,LOW
1.24E-09,4.471724198,0,LOW
1.14E-09,4.976385923,0,LOW
2.24E-09,5.664130045,0,LOW
1.17E-08,5.645002305,0,LOW
3.82E-08,6.974322024,0,LOW
2.08E-09,6.854582757,0,LOW
7.95E-10,7.318728239,0,LOW
1.54E-09,7.480512788,0,LOW
1.54E-09,6.884219564,0,LOW
1.54E-09,6.708729391,0,LOW
1.54E-09,6.83890957,0,LOW
1.54E-09,6.083682478,0,LOW
1.54E-09,5.944114105,0,LOW
1.54E-09,5.795840633,0,LOW
1.54E-09,6.300955664,0,LOW
1.54E-09,6.551960641,0,LOW
1.54E-09,6.597835341,0,LOW
1.54E-09,6.795081805,0,LOW
1.54E-09,6.707895554,0,LOW
1.54E-09,7.004586168,0,LOW
1.54E-09,7.280849865,0,LOW
1.54E-09,8.005283463,0,LOW
1.54E-09,7.999430003,0,LOW
1.54E-09,7.649510752,0,LOW
1.54E-09,7.75843747,0,LOW
1.54E-09,8.363893295,0,LOW
1.54E-09,8.63355841,0,LOW
1.54E-09,8.311279199,0,LOW
1.54E-09,9.36431828,0,LOW
1.54E-09,9.732305741,0,LOW
1.54E-09,10.80227604,0,LOW
1.54E-09,10.93719039,0,LOW
1.54E-09,11.40007738,0,LOW
1.54E-09,11.18101361,0,LOW
1.54E-09,11.73190748,0,LOW
1.54E-09,11.42269693,0,LOW
1.54E-09,11.03676555,0,LOW
1.54E-09,10.84160691,0,LOW
1.54E-09,10.34446751,0,LOW
1.54E-09,10.31272609,0,LOW
1.54E-09,9.260932619,0,LOW
1.54E-09,9.452913683,0,LOW
1.54E-09,8.728395842,0,LOW
1.54E-09,8.332476223,0,LOW
1.54E-09,8.207928133,0,LOW
1.54E-09,7.885154543,0,LOW
1.54E-09,7.854960694,0,LOW
1.54E-09,7.854960694,0,LOW
1.54E-09,7.854960694,0,LOW
1.54E-09,7.854960694,0,LOW
1.54E-09,7.854960694,0,LOW
1.54E-09,7.854960694,0,LOW
1.54E-09,7.854960694,0,LOW
1.54E-09,7.854960694,0,LOW
1.54E-09,7.854960694,0,LOW
1.54E-09,7.854960694,0,LOW
1.54E-09,7.854960694,0,LOW
1.54E-09,7.854960694,0,LOW
1.54E-09,7.854960694,0,LOW
1.54E-09,7.854960694,0,LOW
1.54E-09,7.854960694,0,LOW
1.54E-09,7.854960694,0,LOW
1.54E-09,7.132630799,0,LOW
1.54E-09,6.910713992,0,LOW
1.54E-09,7.443397925,0,LOW
1.54E-09,6.263131408,0,LOW
1.54E-09,7.632681333,0,LOW
0.041806478,6.6214294,0,LOW
0.041806478,6.864236871,0,LOW
0.3690046,6.912105258,0,LOW
0.86083853,8.2286028,0,HIGH
0.019204853,6.971397738,0,LOW
0.77081263,5.999019053,0,MED
0.12541747,4.934523103,0.001917999,LOW
0.95870525,3.519847949,0.002686486,HIGH
0.17947654,2.774882309,0.001130726,LOW
0.93847585,2.252165584,0,HIGH
0.9994286,1.939817256,0,HIGH
0.9998882,1.379505645,0,HIGH
0.00094677886,0.4402502849706326,0.0
0.0012949385,1.3051897449295105,0.0
0.010271293,1.470122822190659,0.0
4.9559036e-05,1.2653211506207664,0.0
0.00302715,1.6902474498980007,0.0
0.0019799212,0.837773987623614,0.0
0.0089654,0.6213311655927897,0.0
0.009756423,0.9635583798197552,0.0
0.016972534,0.24322976457639717,0.0
0.0010323845,0.27999130853201243,0.0
0.07667635,0.7308050141349306,0.0
0.032700706,2.071991796905865,0.0
0.0007852041,2.0312967840909297,0.0
0.17216796,2.1264933714505703,0.0
0.7627792,1.8423308136285181,0.0
0.9978928,1.954661160669901,0.0
0.9997843,1.500175945274589,0.0
0.8763152,2.07268157101566,0.0
0.30643496,1.5623399611942004,0.0
0.98046416,1.3187593372371054,0.0
0.953811,0.8613212112483815,0.0
0.99423283,1.0362875940365337,0.0
0.9983922,1.2655880696606394,0.0
0.98999774,1.1581855496361746,0.0
0.9957342,0.7254201872205868,0.0
0.9975868,0.9257371610247149,0.0
0.98682857,0.951822540051748,0.0
0.9544507,0.6817589500423831,0.0
0.9540449,0.15089960190113602,0.0
0.98382235,0.6976122485289837,0.0
0.08318831,1.9162726656327094,0.0
0.47641337,2.334469718116692,0.0
0.25435352,2.307844284469954,0.0
0.9947269,4.616598937902479,0.0
0.9999524,5.513822737850864,0.0
0.99983037,6.060976178319527,0.0
0.99998456,10.436867821110228,0.0
0.9996673,8.285709080957812,0.0
0.9970601,7.121912869715554,0.0
0.99998784,7.126278522478152,0.0
0.99971324,7.789373095780514,0.0
0.99982077,6.883022839427954,0.0
0.99954313,7.096828365548944,0.0
0.99976265,6.366616914737414,0.0
0.9800998,5.018845599536946,0.0
0.99278724,3.101674173259939,0.0
0.9970664,2.3474169735279515,0.0
0.9987117,2.3730274967008578,0.0
0.97860867,2.219970686350173,0.0
0.99507123,2.8483335119860036,0.0
0.99582785,3.0046324763217513,0.0
0.7337967,3.093359433570088,0.0
0.037519615,2.867680243513015,0.0
0.3971323,2.06365308936596,0.0
0.008016027,1.2835455645631961,0.0
0.28013948,0.5604567701768972,0.0
0.12599646,0.3817557375866899,0.0
0.05585717,0.7183319844679164,0.0
0.038823854,0.24538302405016518,0.0
0.3242082,1.273472019017772,0.0
0.20076247,0.7900066299883031,0.0
0.2309421,1.3818265155194434,0.0
0.29006132,1.587373721478996,0.0
0.95787555,1.2648381301209737,0.0
0.14161934,1.2749583374721227,0.0
0.11561997,1.2598123829478318,0.0
0.43649605,1.1363969343671565,0.0
0.52708787,1.717419562115104,0.0
0.3157889,1.7324561471488722,0.0
0.6150308,1.8913587835487309,0.0
0.06981832,1.6248669017360973,0.0
6.8052586e-06,1.4508830502319887,0.0
1.30456e-06,1.2124771625198159,0.0
3.7840078e-08,0.5077498768844482,0.0
0.0027591018,0.6190142747924819,0.0
0.00012165505,0.08568980916886881,0.0
5.6446538e-08,0.4577224742833848,0.0
0.00037671064,0.386151927005014,0.0
8.94837e-06,0.4017555915288701,0.0
1.3912993e-05,0.1747551317853033,0.0
9.145507e-06,6.692027763351226,0.0
4.5234685e-08,0.3203982858505382,0.0
2.0396497e-07,0.9457934156814819,0.0
1.7362052e-07,1.1174638280660418,0.0
5.4336044e-07,1.0386706172694404,0.0
1.8331997e-05,0.3952609083044712,0.0
6.462536e-07,0.4694520483595394,0.0
1.341419e-05,0.29149790121124963,0.0
2.2249218e-07,1.0990927358259635,0.0
3.1605177e-07,0.15652092770765189,0.0
1.6652253e-07,0.1530826570673843,0.0
1.472173e-08,1.4129641951066785,0.0
5.900789e-07,0.800066259400025,0.0
5.490062e-07,0.4116248227217392,0.0
4.236566e-07,0.9687750680311776,0.0
0.0006340119,0.265204799881596,0.0
0.0011136024,0.8693097189602467,0.0
0.0005196049,0.9344142490915164,0.0
0.00025696674,0.5908546242456193,0.0
0.00026947915,0.3620814220278561,0.0
6.7813658e-06,0.6394811765843424,0.0
7.950233e-05,0.37600532308910906,0.0
3.262175e-05,0.008897214022819155,0.0
4.4915745e-05,0.04903114745015996,0.0
9.117422e-06,0.535759909118869,0.0
0.0010581283,0.5994155013936067,0.0
5.6880795e-06,0.8587692452730793,0.0
0.009974526,0.5746535738889591,0.0
6.9119046e-06,0.0012292814758970573,0.0
1.6230968e-06,0.5070160376645354,0.0
2.1098756e-05,0.1910356386049895,0.0
2.29192e-06,0.3173494250477422,0.0
7.3356915e-07,0.1517341018002108,0.0
4.152004e-06,0.34904851724812813,0.0
7.4624504e-06,0.23372660325444117,0.0
6.0113252e-05,0.15982866617601546,0.0
1.7687214e-05,0.1688083003407089,0.0
3.3885076e-06,0.16923369762041196,0.0
4.3618893e-06,0.09030206974670359,0.0
1.9722127e-05,0.7225841771115595,0.0
2.2779761e-06,0.469813909182722,0.0
1.0246521e-07,0.5777040550738474,0.0
2.5208417e-05,5.556523621733931,0.0
2.1723213e-06,0.2471216481837462,0.0
2.948714e-06,0.49764845851798206,0.0
0.000113570575,0.4485839432187553,0.0
2.3090452e-05,0.03138081148571329,0.0
7.460843e-05,1.054527457966708,0.0
0.0057509583,0.12202017618349717,0.0
0.00049975293,0.8099497286155871,0.0
0.011834342,1.7300149881150937,0.0
0.78521866,1.2094365057437615,0.0
0.118837096,1.4093317749011152,0.0
0.54833317,1.4650750296190405,0.0
0.9858458,0.8980225959351671,0.0
0.99160767,1.052849618155988,0.0
0.042464007,0.5563649826521804,0.0
0.010095857,0.4401619850663669,0.0
0.57103264,0.564263359063323,0.0
0.9511651,0.5003562946140058,0.0
0.4118207,0.3703602706888959,0.0
0.00092262134,1.0374046320764307,0.0
0.99999994,1.5637853544834364,0.0
0.9982291,1.5084106153842163,0.0
0.8741659,0.4152070618080937,0.0
0.8427404,1.5293002997925909,0.0
0.22138453,1.2652797655527799,0.0
0.3615743,1.4719097629786053,0.0
0.9475578,0.5268321601519373,0.0
0.6821573,0.8784663681589361,0.0
0.3180284,0.885660518480414,0.0
0.00024004572,1.0957325171801644,0.0
5.9565027e-06,1.457138575953551,0.0
2.3805733e-09,0.5284646057266503,0.0
5.566074e-05,0.743019641488853,0.0
0.0008590545,1.3665173662319159,0.0
0.99577266,3.155328376921702,0.0
0.996382,0.8725651116298047,0.0
0.021792999,0.2256825663783363,0.0
0.86529875,0.06962167073005,0.0
0.00021614158,1.04652567470921,0.0
0.041161537,1.1103036119262164,0.0
0.04840734,0.827119966748299,0.0
0.9999532,0.9855064850312057,0.0
0.99998003,1.3153230813191472,0.0
0.18416786,0.9214939476941314,0.010002128731324783
0.9436777,1.1967986443646217,0.0
0.9984741,0.6235043709661642,0.0
0.026357071,0.35610009660178726,0.0
0.053225424,0.08207051017207903,0.0
0.07925189,0.06509467996192317,0.0
0.0018600267,0.31494106417762774,0.0
0.7349552,0.24320177405259613,0.0
0.003996302,0.2728710623626723,0.0
7.2323135e-05,0.0629471288235114,0.0
0.01466183,0.15748439781862045,0.0
0.0014862255,0.22703352939638344,0.0
0.00023692062,0.19030067058361821,0.0
2.866488e-05,0.6113225151795001,0.0
0.002672452,0.5480249634804362,0.0
0.002924825,0.4533801156115074,0.0
0.000109493536,0.6665053001653067,0.0
6.878366e-05,0.18494064614005054,0.0
6.0947565e-05,0.9106722920886652,0.0
0.00010994731,1.0126279844577917,0.0
1.9157049e-05,0.8421687881772597,0.0
0.00031974944,0.5033825090794878,0.0
0.5625783,0.36611466092601025,0.0
0.26345122,0.31186157486690547,0.0
0.09892481,0.163189625117064,0.0
0.009549865,0.8232804166258327,0.0
0.5087155,1.092228707472339,0.0
0.017208517,2.28806050389427,0.0
0.23729368,6.339978620374269,0.0
0.0036258367,7.078004608571677,0.0
0.010671172,7.155352122344231,0.0
0.13192545,6.850151772893349,0.0
0.9060834,6.611502338862927,0.0
0.07198635,3.878281130448388,0.0
0.049386904,3.370977746384411,0.0
0.044478275,2.2545863641684836,0.0
0.2763769,3.088736435311414,0.0
0.02891719,2.4852696305909405,0.0
0.06244601,2.9064827742486137,0.0
0.00055907853,3.3569571317254936,0.0
0.00013968561,4.581915742930269,0.0
0.2936349,4.309497471734114,0.0
0.4848333,3.9634348413962273,0.0
0.9977762,3.1831795928491284,0.0
0.9653061,1.7617538506557717,0.0
0.13500164,1.6608871437495047,0.0
0.10645605,2.224154595202981,0.0
0.90688324,1.4775620321015526,0.002276838727152726
0.0009579695,0.5092997852101326,0.0
0.058948785,0.4910410406090775,0.0
0.14113104,0.5403358071782761,0.0
0.8171498,0.8393366262255123,0.0
0.56619436,0.9128014869212703,0.0
0.019828973,1.521558868899421,0.0
0.00028624374,1.6804719504447136,0.0
0.4968282,2.0523257143513254,0.0
0.018342176,2.1631820200691187,0.0
0.0037710348,2.0486482392139314,0.0
0.31730828,2.020377945414279,0.0
0.00268107,1.881394217899554,0.0
0.00695922,2.055651361839102,0.0
0.0008117255,1.7010495831501484,0.0
0.0010712014,1.627929745160476,0.0
0.118653834,1.6524706516764374,0.0
0.0005581691,1.8667867767369533,0.0
0.0022266407,1.5788152408210987,0.0
0.005796357,1.82037967763247,0.0
0.0012735274,2.580779684504689,0.0
8.677981e-05,3.1846497724344847,0.0
2.3590048e-05,3.9839489704915985,0.0
0.012688044,6.972737504109846,0.0
0.02309173,10.709415607724189,0.0
0.005566764,10.739245043311874,0.0
0.9780052,10.489035288172389,0.0
0.0011301602,10.581031612354968,0.0
0.0005603485,9.403451070344724,0.0
0.0012125873,8.893611214103084,0.0
0.0002706685,9.321241535154007,0.0
0.00016013045,8.971571447795649,0.0
0.0025419046,8.62943362625628,0.0
0.024306454,8.394685555818981,0.0
0.57616496,8.529439498163004,0.0
0.42571115,9.534588533979838,0.0
0.8134629,8.47401129619506,0.0
8.760528e-05,10.196535052595532,0.0
0.055069122,10.896454260889511,0.0
0.0038564936,10.607054818885917,0.0
6.8580164e-05,9.0351627731279,0.0
0.00018307658,8.512202310971784,0.0
8.651812e-05,7.490698290667337,0.0
0.00022631782,6.397704597692147,0.0
0.00035284914,5.934266262088715,0.0
0.0018029048,5.7166025752127325,0.0
7.816491e-05,5.806313292867261,0.0
2.6490265e-05,5.4254885946498135,0.0
0.0006370477,6.036882851868184,0.0
0.0045314436,5.830295041438317,0.0
0.0027530089,5.798576702761013,0.0
0.01169376,5.943348161590718,0.0
0.00024043235,5.662938062040567,0.0
0.0007285381,5.6300703423464284,0.0
0.014391896,5.482420869754035,0.0
0.0038564624,5.5763359047393415,0.0
0.002021958,5.519460879094299,0.0
0.0008070816,5.4539632157184075,0.0
8.940329e-05,3.842784536031263,0.0
4.714792e-06,0.4320199648349725,0.0
0.00034762392,8.808821965954996,0.0
0.00049237005,13.189079422487806,0.0
0.0011925481,23.895845842574484,0.0
0.00032471624,26.432214669823818,0.0
0.0069312686,31.471475495177728,0.0
0.0019151998,32.73268229103323,0.0
0.06401378,34.27473822180982,0.0
0.07271034,35.103401258790335,0.0
0.07914736,36.50027443547344,0.0
0.06269313,36.93644614958886,0.0
0.010103117,33.441236692547484,0.0
0.007187177,32.15064094801763,0.0
0.006867324,33.92019306335671,0.0
2.2190625e-07,37.11505549818225,0.0
4.4067687e-07,33.817322219217374,0.0
4.141204e-06,145.80921864725616,0.0
4.0674408e-07,147.23545491028003,0.0
1.1244017e-05,46.979438531903625,0.0
1.2073403e-06,34.752215978091016,0.0
0.00012918672,35.36526855926491,0.0
1.0430669e-05,146.1703769361073,0.0
1.3712998e-06,35.27533197170825,0.0
0.00028360332,34.50875551904028,0.0
6.0428676e-05,34.730096453560265,0.0
1.5656327e-06,34.57207007971937,0.0
3.3672586e-05,34.43500403967321,0.0
3.152608e-06,33.88212446995733,0.0
9.734191e-05,33.51679621859586,0.0
1.1106157e-05,35.24614183517497,0.0
2.0095074e-05,146.41917355407853,0.0
8.418192e-05,147.401715625231,0.0
2.3590871e-06,32.75409065646719,0.0
0.0005604222,32.85056943176116,0.0
2.0258223e-05,33.71125163223539,0.0
0.0004194445,33.29514821087535,0.0
2.2670813e-06,33.60724611454311,0.0
2.0612279e-07,33.307011202236914,0.0
0.00017301046,24.250164561457655,0.0
0.43530163,18.66182608868726,0.0
0.2944378,7.541454596085352,0.0
0.8816152,2.0456079017434785,0.0
0.99998266,0.38405335871190616,0.0
0.93791384,1.383092307451151,0.0
0.00010687552,2.464076246978669,0.0
0.00017097773,0.12925619119876264,0.0
0.0001860955,0.9573437358225014,0.0
0.00050194137,1.4629528658906943,0.0
5.3700683e-06,1.4230042249691397,0.0
5.6540193e-05,1.2835583368409522,0.0
0.00016347173,0.9556682644248337,0.0
